cvec__max_df,cvec__max_features,cvec__min_df,dt__ccp_alpha,dt__max_depth,dt__min_samples_leaf,dt__min_samples_split,train score,test score
0.8,2000,2,0,9,3,5,0.7312820512820513,0.7273076923076923
0.8,2000,2,0,20,3,5,0.813076923076923,0.8053846153846154
0.8,2000,2,0,40,3,5,0.8706410256410256,0.8592307692307692
0.8,2000,2,0,60,3,5,0.8910256410256411,0.875
0.8,2000,2,0,100,3,5,0.9117948717948718,0.8884615384615384
0.8,2000,2,0,150,3,15,0.9217948717948716,0.8953846153846153
0.8,2000,2,0,200,3,20,0.921923076923077,0.8923076923076924
0.8,3000,3,0,200,3,20,0.9242307692307692,0.8915384615384615
0.8,2500,3,0,250,3,20,0.9235897435897436,0.8915384615384615
0.8,2500,3,0,250,3,20,0.9235897435897436,0.8915384615384615
0.8,2500,3,0,250,3,20,0.915897435897436,0.8734615384615385
0.8,2500,3,0,250,3,20,0.9158974358974359,0.8734615384615385
