cvec__max_df,cvec__max_features,cvec__min_df,train score,test score,logreg__C
0.7,3000,2,0.97,0.9234615384615384,
0.7,2500,3,0.9666666666666668,0.9223076923076924,
0.7,2000,4,0.9610256410256408,0.9196153846153846,
0.6,2000,4,0.9610256410256408,0.9196153846153846,
0.8,1500,3,0.951153846153846,0.9130769230769232,
0.8,2000,4,0.9610256410256408,0.9196153846153846,1.0
0.8,2000,3,0.9507692307692308,0.9153846153846154,0.5
0.8,2000,3,0.9265384615384616,0.9011538461538462,0.1
0.8,2500,3,0.9293589743589744,0.9042307692307692,0.1
0.8,3000,3,0.9328205128205128,0.905,0.1
0.8,2000,3,0.9265384615384616,0.9011538461538462,0.1
0.8,2000,2,0.926153846153846,0.9019230769230768,0.1
0.8,2000,2,0.9287179487179488,0.9061538461538462,0.1
0.8,2000,2,0.9287179487179488,0.9061538461538462,0.1
0.8,2000,2,0.9261538461538459,0.9019230769230768,0.1
0.8,2500,2,0.9293589743589744,0.9030769230769232,0.1
0.8,2500,2,0.9558974358974358,0.9196153846153846,0.5
0.8,2500,3,0.9557692307692308,0.9184615384615384,0.5
0.8,2500,2,0.9558974358974358,0.9196153846153846,0.5
0.8,2000,2,0.926153846153846,0.9019230769230768,0.1
0.8,2500,2,0.9558974358974359,0.9196153846153846,0.5
