cvec__max_df,cvec__max_features,cvec__min_df,train score,test score
0.7,1500,3,0.9593650793650792,0.918095238095238
0.6,2000,2,0.9644444444444444,0.9142857142857144
0.6,1500,3,0.9593650793650792,0.918095238095238
0.7,1500,4,0.9488888888888888,0.9095238095238096
0.8,2000,3,0.9493589743589744,0.9338461538461541
0.8,2000,3,0.9448717948717948,0.9292307692307692
0.8,2500,3,0.9521794871794872,0.9323076923076924
0.8,2500,2,0.9515384615384616,0.9315384615384616
0.8,2500,3,0.9521794871794872,0.9323076923076924
0.8,2500,3,0.9521794871794872,0.9323076923076923
